{
  "timestamp": 1778825191.395723,
  "quality_signal": 0.512741736747045,
  "coupling_score": 0.35294117647058826,
  "cycle_count": 0,
  "god_file_count": 0,
  "hotspot_count": 0,
  "complex_fn_count": 3,
  "max_depth": 7,
  "total_import_edges": 119,
  "cross_module_edges": 51
}