{
  "timestamp": 1778753970.809255,
  "quality_signal": 0.5101334711739779,
  "coupling_score": 0.23931623931623933,
  "cycle_count": 0,
  "god_file_count": 0,
  "hotspot_count": 0,
  "complex_fn_count": 3,
  "max_depth": 7,
  "total_import_edges": 117,
  "cross_module_edges": 50
}